CREATE USER ONLINESTORE IDENTIFIED BY 123123;
GRANT CONNECT, RESOURCE, DBA TO ONLINESTORE;
GRANT UNLIMITED TABLESPACE TO ONLINESTORE;
GRANT create session TO ONLINESTORE;
GRANT create table TO ONLINESTORE;
GRANT create view TO ONLINESTORE;
GRANT create any trigger TO ONLINESTORE;
GRANT create any procedure TO ONLINESTORE;
GRANT create sequence TO ONLINESTORE;
GRANT create synonym TO ONLINESTORE;

create table "ONLINESTORE"."CUSTOMERS"
(
  "ID" NUMBER not null primary key,
  "SURNAME" VARCHAR2(50) not null,
  "FIRSTNAME" VARCHAR2(50) not null,
  "SECONDNAME" VARCHAR2(50),
  "EMAIL" VARCHAR2(50) default NULL,
  "NUMBERPHONE" NUMBER not null
);
create table "ONLINESTORE"."PRODUCT"
(
  "ID" NUMBER not null primary key,
  "NAME" VARCHAR2(50) not null,
  "PRICE" NUMBER not null
);
create table "ONLINESTORE"."STATUSORDER"
(
  "ID" NUMBER not null primary key,
  "NAME" VARCHAR2(50) not null
);
create table "ONLINESTORE"."ORDER"
(
  "ID" NUMBER not null primary key,
  "DATE" DATE not null,
  "ADDRESS" VARCHAR2(100) not null,
  "STATUSORDER_ID" NUMBER not null 
  -- constraint ORDER_STATUSORDER_ID_FK references "ONLINESTORE"."STATUSORDER" on delete cascade
);
create table "ONLINESTORE"."ORDERCART"
(
  "COUNT" NUMBER not null,
  "CUSTOMER_ID" NUMBER not null, 
  -- constraint ODREDCART_CUSTOMERS_ID_FK references "ONLINESTORE"."CUSTOMERS" on delete cascade,
  "PRODUCT_ID" NUMBER not null, 
  -- constraint ODREDCART_PRODUCT_ID_FK references "ONLINESTORE"."PRODUCT" on delete cascade,
  "ORDER_ID" NUMBER not null 
  -- constraint ODREDCART_ORDER_ID_FK references "ONLINESTORE"."ORDER" on delete cascade
);

CREATE SEQUENCE  "ONLINESTORE"."CUSTOMERS_seq"  MINVALUE 1 MAXVALUE 9999999999999999999999999999 INCREMENT BY 1 START WITH 21 CACHE 20 NOORDER  NOCYCLE   ;
CREATE SEQUENCE  "ONLINESTORE"."ORDER_seq"  MINVALUE 1 MAXVALUE 9999999999999999999999999999 INCREMENT BY 1 START WITH 21 CACHE 20 NOORDER  NOCYCLE   ;
CREATE SEQUENCE  "ONLINESTORE"."PRODUCT_seq"  MINVALUE 1 MAXVALUE 9999999999999999999999999999 INCREMENT BY 1 START WITH 21 CACHE 20 NOORDER  NOCYCLE   ;
CREATE SEQUENCE  "ONLINESTORE"."STATUSORDER_seq"  MINVALUE 1 MAXVALUE 9999999999999999999999999999 INCREMENT BY 1 START WITH 21 CACHE 20 NOORDER  NOCYCLE   ;

-- CREATE OR REPLACE TRIGGER "ONLINESTORE"."CUSTOMERS_trg"
-- BEFORE INSERT ON "ONLINESTORE"."CUSTOMERS"
-- FOR EACH ROW
-- BEGIN
-- SELECT CUSTOMERS_seq.nextval
-- INTO   :new.id
-- FROM   dual;
-- END;
-- /
-- ALTER TRIGGER "ONLINESTORE"."CUSTOMERS_trg" ENABLE;

-- CREATE OR REPLACE TRIGGER "ONLINESTORE"."ORDER_trg"
-- BEFORE INSERT ON "ONLINESTORE"."ORDER"
-- FOR EACH ROW
-- BEGIN
-- SELECT ORDER_seq.nextval
-- INTO   :new.id
-- FROM   dual;
-- END;
-- /
-- ALTER TRIGGER "ONLINESTORE"."ORDER_trg" ENABLE;

-- CREATE OR REPLACE TRIGGER "ONLINESTORE"."PRODUCT_trg"
-- BEFORE INSERT ON "ONLINESTORE"."PRODUCT"
-- FOR EACH ROW
-- BEGIN
-- SELECT PRODUCT_seq.nextval
-- INTO   :new.id
-- FROM   dual;
-- END;
-- /
-- ALTER TRIGGER "ONLINESTORE"."PRODUCT_trg" ENABLE;

-- CREATE OR REPLACE TRIGGER "ONLINESTORE"."STATUSORDER_trg"
-- BEFORE INSERT ON "ONLINESTORE"."STATUSORDER"
-- FOR EACH ROW
-- BEGIN
-- SELECT STATUSORDER_seq.nextval
-- INTO   :new.id
-- FROM   dual;
-- END;
-- /
-- ALTER TRIGGER "ONLINESTORE"."STATUSORDER_trg" ENABLE;

INSERT INTO "ONLINESTORE"."PRODUCT" ("ID", "NAME", "PRICE") VALUES (1, 'Mercury', '7468');
INSERT INTO "ONLINESTORE"."PRODUCT" ("ID", "NAME", "PRICE") VALUES (2, 'Dodge', '2912');
INSERT INTO "ONLINESTORE"."PRODUCT" ("ID", "NAME", "PRICE") VALUES (3, 'Buick', '4125');
INSERT INTO "ONLINESTORE"."PRODUCT" ("ID", "NAME", "PRICE") VALUES (4, 'Mazda', '2540');
INSERT INTO "ONLINESTORE"."PRODUCT" ("ID", "NAME", "PRICE") VALUES (5, 'Volkswagen', '3349');
INSERT INTO "ONLINESTORE"."PRODUCT" ("ID", "NAME", "PRICE") VALUES (6, 'Audi', '5991');
INSERT INTO "ONLINESTORE"."PRODUCT" ("ID", "NAME", "PRICE") VALUES (7, 'Chevrolet', '2903');
INSERT INTO "ONLINESTORE"."PRODUCT" ("ID", "NAME", "PRICE") VALUES (8, 'Pontiac', '8081');
INSERT INTO "ONLINESTORE"."PRODUCT" ("ID", "NAME", "PRICE") VALUES (9, 'Ford', '3321');
INSERT INTO "ONLINESTORE"."PRODUCT" ("ID", "NAME", "PRICE") VALUES (10, 'Ford', '2773');
INSERT INTO "ONLINESTORE"."PRODUCT" ("ID", "NAME", "PRICE") VALUES (11, 'GMC', '1502');
INSERT INTO "ONLINESTORE"."PRODUCT" ("ID", "NAME", "PRICE") VALUES (12, 'Ford', '3711');
INSERT INTO "ONLINESTORE"."PRODUCT" ("ID", "NAME", "PRICE") VALUES (13, 'Ford', '9414');
INSERT INTO "ONLINESTORE"."PRODUCT" ("ID", "NAME", "PRICE") VALUES (14, 'Mitsubishi', '5045');
INSERT INTO "ONLINESTORE"."PRODUCT" ("ID", "NAME", "PRICE") VALUES (15, 'Mercedes-Benz', '8077');
INSERT INTO "ONLINESTORE"."PRODUCT" ("ID", "NAME", "PRICE") VALUES (16, 'Pontiac', '9859');
INSERT INTO "ONLINESTORE"."PRODUCT" ("ID", "NAME", "PRICE") VALUES (17, 'BMW', '5760');
INSERT INTO "ONLINESTORE"."PRODUCT" ("ID", "NAME", "PRICE") VALUES (18, 'Chevrolet', '6441');
INSERT INTO "ONLINESTORE"."PRODUCT" ("ID", "NAME", "PRICE") VALUES (19, 'Chevrolet', '1808');
INSERT INTO "ONLINESTORE"."PRODUCT" ("ID", "NAME", "PRICE") VALUES (20, 'Hyundai', '4564');

INSERT INTO "ONLINESTORE"."STATUSORDER" ("ID", "NAME") VALUES (1, 'Sales');
INSERT INTO "ONLINESTORE"."STATUSORDER" ("ID", "NAME") VALUES (2, 'Denial');

INSERT INTO "ONLINESTORE"."CUSTOMERS" ("ID", "SURNAME", "FIRSTNAME", "SECONDNAME", "EMAIL", "NUMBERPHONE") VALUES (1, 'Wisham', 'Steffie', 'Lowis', 'slowis0@jiathis.com', 26378413226);
INSERT INTO "ONLINESTORE"."CUSTOMERS" ("ID", "SURNAME", "FIRSTNAME", "SECONDNAME", "EMAIL", "NUMBERPHONE") VALUES (2, 'Laughrey', 'Foster', 'Spittles', 'fspittles1@skype.com', 72558769318);
INSERT INTO "ONLINESTORE"."CUSTOMERS" ("ID", "SURNAME", "FIRSTNAME", "SECONDNAME", "EMAIL", "NUMBERPHONE") VALUES (3, 'Polley', 'Trevar', 'Bastard', 'tbastard2@flavors.me', 46672712529);
INSERT INTO "ONLINESTORE"."CUSTOMERS" ("ID", "SURNAME", "FIRSTNAME", "SECONDNAME", "EMAIL", "NUMBERPHONE") VALUES (4, 'Gadesby', 'Levon', 'Adney', 'ladney3@nsw.gov.au', 70726254450);
INSERT INTO "ONLINESTORE"."CUSTOMERS" ("ID", "SURNAME", "FIRSTNAME", "SECONDNAME", "EMAIL", "NUMBERPHONE") VALUES (5, 'Mence', 'Maximo', 'Fellgatt', 'mfellgatt4@ucoz.ru', 74129326764);
INSERT INTO "ONLINESTORE"."CUSTOMERS" ("ID", "SURNAME", "FIRSTNAME", "SECONDNAME", "EMAIL", "NUMBERPHONE") VALUES (6, 'Bezley', 'Blythe', 'Lambe', 'blambe5@hatena.ne.jp', 56679249474);
INSERT INTO "ONLINESTORE"."CUSTOMERS" ("ID", "SURNAME", "FIRSTNAME", "SECONDNAME", "EMAIL", "NUMBERPHONE") VALUES (7, 'Boutell', 'Tally', 'Vinton', 'tvinton6@cmu.edu', 35254848489);
INSERT INTO "ONLINESTORE"."CUSTOMERS" ("ID", "SURNAME", "FIRSTNAME", "SECONDNAME", "EMAIL", "NUMBERPHONE") VALUES (8, 'McGarva', 'Krystalle', 'Chawkley', 'kchawkley7@loc.gov', 41491352704);
INSERT INTO "ONLINESTORE"."CUSTOMERS" ("ID", "SURNAME", "FIRSTNAME", "SECONDNAME", "EMAIL", "NUMBERPHONE") VALUES (9, 'Whittington', 'Tiler', 'Garvey', 'tgarvey8@tripod.com', 17383090630);
INSERT INTO "ONLINESTORE"."CUSTOMERS" ("ID", "SURNAME", "FIRSTNAME", "SECONDNAME", "EMAIL", "NUMBERPHONE") VALUES (10, 'Tabb', 'Abbe', 'Heeps', 'aheeps9@dagondesign.com', 45766635906);
INSERT INTO "ONLINESTORE"."CUSTOMERS" ("ID", "SURNAME", "FIRSTNAME", "SECONDNAME", "EMAIL", "NUMBERPHONE") VALUES (11, 'McCool', 'Jessa', 'Tipton', 'jtiptona@kickstarter.com', 14826178209);
INSERT INTO "ONLINESTORE"."CUSTOMERS" ("ID", "SURNAME", "FIRSTNAME", "SECONDNAME", "EMAIL", "NUMBERPHONE") VALUES (12, 'Champley', 'Betsy', 'Luney', 'bluneyb@soundcloud.com', 30575757122);
INSERT INTO "ONLINESTORE"."CUSTOMERS" ("ID", "SURNAME", "FIRSTNAME", "SECONDNAME", "EMAIL", "NUMBERPHONE") VALUES (13, 'Killick', 'Georgie', 'Pallis', 'gpallisc@nps.gov', 27099971310);
INSERT INTO "ONLINESTORE"."CUSTOMERS" ("ID", "SURNAME", "FIRSTNAME", "SECONDNAME", "EMAIL", "NUMBERPHONE") VALUES (14, 'Casterot', 'Erek', 'Lettsom', 'elettsomd@slashdot.org', 15049071900);
INSERT INTO "ONLINESTORE"."CUSTOMERS" ("ID", "SURNAME", "FIRSTNAME", "SECONDNAME", "EMAIL", "NUMBERPHONE") VALUES (15, 'Caldeyroux', 'Terri', 'Cuddy', 'tcuddye@cbc.ca', 67095229333);
INSERT INTO "ONLINESTORE"."CUSTOMERS" ("ID", "SURNAME", "FIRSTNAME", "SECONDNAME", "EMAIL", "NUMBERPHONE") VALUES (16, 'Saunier', 'Alys', 'Strover', 'astroverf@people.com.cn', 49264586069);
INSERT INTO "ONLINESTORE"."CUSTOMERS" ("ID", "SURNAME", "FIRSTNAME", "SECONDNAME", "EMAIL", "NUMBERPHONE") VALUES (17, 'Marchenko', 'Archaimbaud', 'Pountney', 'apountneyg@hugedomains.com', 60379242801);
INSERT INTO "ONLINESTORE"."CUSTOMERS" ("ID", "SURNAME", "FIRSTNAME", "SECONDNAME", "EMAIL", "NUMBERPHONE") VALUES (18, 'Kernes', 'Wendall', 'Gerran', 'wgerranh@hatena.ne.jp', 42473027605);
INSERT INTO "ONLINESTORE"."CUSTOMERS" ("ID", "SURNAME", "FIRSTNAME", "SECONDNAME", "EMAIL", "NUMBERPHONE") VALUES (19, 'Stienham', 'Pete', 'Dearden', 'pdeardeni@forbes.com', 13481329819);
INSERT INTO "ONLINESTORE"."CUSTOMERS" ("ID", "SURNAME", "FIRSTNAME", "SECONDNAME", "EMAIL", "NUMBERPHONE") VALUES (20, 'Barfitt', 'Corette', 'Paxeford', 'cpaxefordj@noaa.gov', 57362657939);

INSERT INTO "ONLINESTORE"."ORDER" ("ID", "DATE", "ADDRESS", "STATUSORDER_ID") VALUES (1, TO_DATE('13/1/2018', 'dd/mm/yyyy'), '2278 Randy Plaza', 1);
INSERT INTO "ONLINESTORE"."ORDER" ("ID", "DATE", "ADDRESS", "STATUSORDER_ID") VALUES (2, TO_DATE('13/2/2018', 'dd/mm/yyyy'), '22398 Hovde Alley', 2);
INSERT INTO "ONLINESTORE"."ORDER" ("ID", "DATE", "ADDRESS", "STATUSORDER_ID") VALUES (3, TO_DATE('5/3/2018', 'dd/mm/yyyy'), '45430 Bluestem Street', 2);
INSERT INTO "ONLINESTORE"."ORDER" ("ID", "DATE", "ADDRESS", "STATUSORDER_ID") VALUES (4, TO_DATE('25/11/2017', 'dd/mm/yyyy'), '1916 Helena Way', 2);
INSERT INTO "ONLINESTORE"."ORDER" ("ID", "DATE", "ADDRESS", "STATUSORDER_ID") VALUES (5, TO_DATE('2/8/2018', 'dd/mm/yyyy'), '5216 Crest Line Center', 1);
INSERT INTO "ONLINESTORE"."ORDER" ("ID", "DATE", "ADDRESS", "STATUSORDER_ID") VALUES (6, TO_DATE('6/2/2018', 'dd/mm/yyyy'), '13 Scott Park', 2);
INSERT INTO "ONLINESTORE"."ORDER" ("ID", "DATE", "ADDRESS", "STATUSORDER_ID") VALUES (7, TO_DATE('12/11/2017', 'dd/mm/yyyy'), '9 Pankratz Terrace', 1);
INSERT INTO "ONLINESTORE"."ORDER" ("ID", "DATE", "ADDRESS", "STATUSORDER_ID") VALUES (8, TO_DATE('19/5/2018', 'dd/mm/yyyy'), '4 Moulton Court', 1);
INSERT INTO "ONLINESTORE"."ORDER" ("ID", "DATE", "ADDRESS", "STATUSORDER_ID") VALUES (9, TO_DATE('10/3/2018', 'dd/mm/yyyy'), '0 Gina Street', 1);
INSERT INTO "ONLINESTORE"."ORDER" ("ID", "DATE", "ADDRESS", "STATUSORDER_ID") VALUES (10, TO_DATE('13/5/2018', 'dd/mm/yyyy'), '725 Declaration Alley', 2);
INSERT INTO "ONLINESTORE"."ORDER" ("ID", "DATE", "ADDRESS", "STATUSORDER_ID") VALUES (11, TO_DATE('3/5/2018', 'dd/mm/yyyy'), '97763 Hoepker Pass', 1);
INSERT INTO "ONLINESTORE"."ORDER" ("ID", "DATE", "ADDRESS", "STATUSORDER_ID") VALUES (12, TO_DATE('21/1/2018', 'dd/mm/yyyy'), '3736 Arkansas Parkway', 1);
INSERT INTO "ONLINESTORE"."ORDER" ("ID", "DATE", "ADDRESS", "STATUSORDER_ID") VALUES (13, TO_DATE('17/12/2017', 'dd/mm/yyyy'), '543 Scott Court', 1);
INSERT INTO "ONLINESTORE"."ORDER" ("ID", "DATE", "ADDRESS", "STATUSORDER_ID") VALUES (14, TO_DATE('6/8/2018', 'dd/mm/yyyy'), '64130 Maple Trail', 1);
INSERT INTO "ONLINESTORE"."ORDER" ("ID", "DATE", "ADDRESS", "STATUSORDER_ID") VALUES (15, TO_DATE('1/5/2018', 'dd/mm/yyyy'), '07629 Daystar Avenue', 2);
INSERT INTO "ONLINESTORE"."ORDER" ("ID", "DATE", "ADDRESS", "STATUSORDER_ID") VALUES (16, TO_DATE('14/10/2018', 'dd/mm/yyyy'), '896 Westridge Point', 2);
INSERT INTO "ONLINESTORE"."ORDER" ("ID", "DATE", "ADDRESS", "STATUSORDER_ID") VALUES (17, TO_DATE('27/12/2017', 'dd/mm/yyyy'), '572 Hoard Street', 2);
INSERT INTO "ONLINESTORE"."ORDER" ("ID", "DATE", "ADDRESS", "STATUSORDER_ID") VALUES (18, TO_DATE('1/5/2018', 'dd/mm/yyyy'), '713 Logan Place', 2);
INSERT INTO "ONLINESTORE"."ORDER" ("ID", "DATE", "ADDRESS", "STATUSORDER_ID") VALUES (19, TO_DATE('16/12/2017', 'dd/mm/yyyy'), '2 Lakewood Point', 1);
INSERT INTO "ONLINESTORE"."ORDER" ("ID", "DATE", "ADDRESS", "STATUSORDER_ID") VALUES (20,TO_DATE('13/11/2017', 'dd/mm/yyyy'), '120 Cherokee Point', 1);

INSERT INTO "ONLINESTORE"."ORDERCART" ("COUNT", "CUSTOMER_ID", "PRODUCT_ID", "ORDER_ID") VALUES (9, 19, 20, 11);
INSERT INTO "ONLINESTORE"."ORDERCART" ("COUNT", "CUSTOMER_ID", "PRODUCT_ID", "ORDER_ID") VALUES (8, 8, 6, 9);
INSERT INTO "ONLINESTORE"."ORDERCART" ("COUNT", "CUSTOMER_ID", "PRODUCT_ID", "ORDER_ID") VALUES (5, 8, 13, 12);
INSERT INTO "ONLINESTORE"."ORDERCART" ("COUNT", "CUSTOMER_ID", "PRODUCT_ID", "ORDER_ID") VALUES (5, 3, 17, 3);
INSERT INTO "ONLINESTORE"."ORDERCART" ("COUNT", "CUSTOMER_ID", "PRODUCT_ID", "ORDER_ID") VALUES (2, 14, 16, 1);
INSERT INTO "ONLINESTORE"."ORDERCART" ("COUNT", "CUSTOMER_ID", "PRODUCT_ID", "ORDER_ID") VALUES (6, 5, 11, 16);
INSERT INTO "ONLINESTORE"."ORDERCART" ("COUNT", "CUSTOMER_ID", "PRODUCT_ID", "ORDER_ID") VALUES (9, 10, 2, 16);
INSERT INTO "ONLINESTORE"."ORDERCART" ("COUNT", "CUSTOMER_ID", "PRODUCT_ID", "ORDER_ID") VALUES (9, 14, 2, 6);
INSERT INTO "ONLINESTORE"."ORDERCART" ("COUNT", "CUSTOMER_ID", "PRODUCT_ID", "ORDER_ID") VALUES (10, 5, 18, 2);
INSERT INTO "ONLINESTORE"."ORDERCART" ("COUNT", "CUSTOMER_ID", "PRODUCT_ID", "ORDER_ID") VALUES (4, 18, 5, 16);
INSERT INTO "ONLINESTORE"."ORDERCART" ("COUNT", "CUSTOMER_ID", "PRODUCT_ID", "ORDER_ID") VALUES (6, 7, 20, 8);
INSERT INTO "ONLINESTORE"."ORDERCART" ("COUNT", "CUSTOMER_ID", "PRODUCT_ID", "ORDER_ID") VALUES (9, 11, 13, 9);
INSERT INTO "ONLINESTORE"."ORDERCART" ("COUNT", "CUSTOMER_ID", "PRODUCT_ID", "ORDER_ID") VALUES (8, 10, 10, 2);
INSERT INTO "ONLINESTORE"."ORDERCART" ("COUNT", "CUSTOMER_ID", "PRODUCT_ID", "ORDER_ID") VALUES (9, 4, 7, 2);
INSERT INTO "ONLINESTORE"."ORDERCART" ("COUNT", "CUSTOMER_ID", "PRODUCT_ID", "ORDER_ID") VALUES (7, 8, 12, 17);
INSERT INTO "ONLINESTORE"."ORDERCART" ("COUNT", "CUSTOMER_ID", "PRODUCT_ID", "ORDER_ID") VALUES (10, 18, 14, 18);
INSERT INTO "ONLINESTORE"."ORDERCART" ("COUNT", "CUSTOMER_ID", "PRODUCT_ID", "ORDER_ID") VALUES (2, 8, 6, 7);
INSERT INTO "ONLINESTORE"."ORDERCART" ("COUNT", "CUSTOMER_ID", "PRODUCT_ID", "ORDER_ID") VALUES (1, 12, 8, 17);
INSERT INTO "ONLINESTORE"."ORDERCART" ("COUNT", "CUSTOMER_ID", "PRODUCT_ID", "ORDER_ID") VALUES (8, 12, 13, 20);
INSERT INTO "ONLINESTORE"."ORDERCART" ("COUNT", "CUSTOMER_ID", "PRODUCT_ID", "ORDER_ID") VALUES (8, 8, 1, 18);